region	AT	AT	AT	AT	BE	BE	BE	BE	DE	DE	DE	DE	FR	FR	FR	FR	IT	IT	IT	IT
sector	Paddy rice	Wheat	Cereal grains nec	Vegetables, fruit, nuts	Oil seeds	Sugar cane, sugar beet	Plant-based fibers	Crops nec	Cattle	Pigs	Poultry	Meat animals nec	Paddy rice	Wheat	Cereal grains nec	Vegetables, fruit, nuts	Paddy rice	Wheat	Cereal grains nec	Vegetables, fruit, nuts
stressor																				
Employment people: Low-skilled male	0	0.136725953411	0.291613624486	0.522612299614	0.036282110408	0.0431187397074	0.0000469994701449	0.115574014796	0.309031416711	0.446532188158	0.12629540819	0.020010871851	0.036282110408	0.0431187397074	0.0000469994701449	0.115574014796	0.309031416711	0.446532188158	0.12629540819	0.020010871851
Employment people: Low-skilled female	0	0.0997684101069	0.21278975361	0.38134848893	0.0264750805635	0.0314638100641	0.0000339996167006	0.0843338369982	0.225499275088	0.325832111793	0.092156935669	0.0146018210585	0.0264750805635	0.0314638100641	0.0000339996167006	0.0843338369982	0.225499275088	0.325832111793	0.092156935669	0.0146018210585
Employment people: Medium-skilled male	0	1.86378747821	3.97514765116	7.12401645265	0.494587505029	0.587768451849	0.000641992762405	1.575454456	4.21258097327	6.08691465231	1.72160038359	0.272779032891	0.494587505029	0.587768451849	0.000641992762405	1.575454456	4.21258097327	6.08691465231	1.72160038359	0.272779032891
Employment people: Medium-skilled female	0	0.932	1.99	3.56	0.247	0.294	0.00032	0.79	2.10	3.04	0.86	0.136	0.247	0.294	0.00032	0.79	2.10	3.04	0.86	0.136
Employment people: High-skilled male	0	0.932	1.99	3.56	0.247	0.294	0.00032	0.79	2.10	3.04	0.86	0.136	0.247	0.294	0.00032	0.79	2.10	3.04	0.86	0.136
